EndNodes_1,EndNodes_2,Edge_Labels
C1 input,BC from C1,C
A3_6 input,AA3 from A3_6,A3
A2_6 input,AB from A2_6,A2
A1_24 input,AA1 from A1_24,A1
AA3 from A3_6,AB from AA3,A
AA3 from AB,A3_6 from AA3,A3
AB from A2_6,AA3 from AB,A
AB from A2_6,AC from AB,A
AB from A2_6,BC from AB,B
AB from AA3,A2_6 from AB,A2
AB from AA3,AC from AB,A
AB from AA3,BC from AB,B
AB from BC,A2_6 from AB,A2
AB from BC,AA3 from AB,A
AB from BC,AC from AB,A
AB from AC,A2_6 from AB,A2
AB from AC,AA3 from AB,A
AB from AC,BC from AB,B
AC from AB,AA1 from AC,A
AC from AB,BC from AC,C
AC from AA1,AB from AC,A
AC from AA1,BC from AC,C
AC from BC,AB from AC,A
AC from BC,AA1 from AC,A
AA1 from A1_24,AC from AA1,A
AA1 from AC,A1_24 from AA1,A1
BC from C1,AB from BC,B
BC from C1,AC from BC,C
BC from AB,C1 from BC,C
BC from AB,AC from BC,C
BC from AC,C1 from BC,C
BC from AC,AB from BC,B
